x,y,count,name
118.730747,31.910434,1,幽栖苑
119.068731,32.042403,1,汤山温泉旅游度假区公租房
118.895822,31.878614,1,五矿澜悦方山
118.808789,31.934986,1,百家湖花园1期
118.874913,31.936474,1,魔方公寓
118.961917,32.089976,1,恒大龙B
118.8272,31.920394,1,万科翡翠公园
118.905359,31.906198,1,万裕龙庭水岸家园
118.790659,31.931815,1,挪威森林(南佑路)
118.832543,31.866544,1,五矿澜悦栖原
118.596511,31.860339,1,台湾小镇
118.822049,31.941264,1,新贵之都
118.832444,31.919961,1,万科社区营地
118.822928,31.942218,1,淘花园(同曦店)
118.841805,31.91188,1,合家春天
118.833141,31.9767,1,明月港湾
118.841888,31.915079,1,南京恒大绿洲
118.910792,32.027768,1,中海国际社区
118.889826,31.907608,1,伴山香槟园
118.889325,31.909916,1,弘景・雅墅
118.592442,31.850104,1,南京绿地国际花都
118.793713,31.906281,1,翠屏湾花园
118.689742,31.866228,1,谷里复建四期经济适用房
118.824756,31.925810,1,21世纪太阳城
118.994616,31.943535,1,青龙社区文化活动中心
118.818548,31.913943,1,九龙湖公寓
118.802596,31.933886,1,太平花苑
118.853952,31.964303,1,紫峰公馆
118.906221,32.026361,1,启迪・方洲
118.830638,31.917226,1,银城・千花溪
118.782503,31.712074,1,康怡佳园
118.941886,31.92764,1,万科金域澜庭
118.862083,31.906633,1,横岭新寓
118.853236,31.941945,1,天元府
118.876035,31.933157,1,学子之家公寓
118.844272,31.963476,1,粮食局宿舍
118.597895,31.854467,1,宝驰景秀苑
118.814830,31.929447,1,腾龙阁(牧浦街)
118.861142,31.936502,1,友邦公寓
118.848457,31.95292,1,城开・利民城
118.780111,31.944724,1,翠屏清华园
118.856131,31.931777,1,鸿意・万嘉
118.783234,31.932572,1,翠屏国际城帝景天成
118.869440,31.684682,1,翠竹林东苑
118.870647,31.91973,1,天祥家园
118.84396,31.957062,1,东沟巷58号
118.811716,31.933138,1,百家湖・印象威尼斯
118.911914,32.024447,1,中信泰富海麟苑
118.885489,31.959747,1,东山街道天云社区老龄活动中心
118.839691,31.917798,1,东南&长山社区综合服务中心
118.790370,31.913070,1,帝景天成高档别墅
118.784439,31.937003,1,翠屏新天地
119.068926,32.03954,1,汤水雅居东苑
118.869798,31.768719,1,红豆香江华庭
118.813711,31.961033,1,绿城深蓝
118.845162,31.955688,1,新光花园
118.862630,31.937160,1,财富广场2期
118.818033,31.964616,1,武夷商城凌云阁
118.879095,31.966653,1,上东逸境
118.608378,31.853257,1,汝悦铭著
118.815974,31.839980,1,绿地理想城
118.697186,31.865950,1,中建烟岚府
118.707917,31.871843,1,德信烟岚云庄
118.846376,31.780309,1,中骏・琉金街区
119.063298,32.066589,1,冬夏私汤美墅
118.999625,32.064900,1,山与墅
118.828892,31.903973,1,新城玖珑湖
118.596511,31.860339,1,盛江花苑海棠园小区
118.740924,31.876150,1,远洋风景名邸西苑
118.836506,31.902029,1,思迈尔公寓
118.945146,32.061637,1,东城别院
118.921813,32.045758,1,南京慧德文苑
118.791837,31.963451,1,月之梦公寓
118.805547,31.962902,1,中交锦致北区
118.835904,31.908894,1,MrTree公寓
118.805547,31.962902,1,中交锦致北区
118.835904,31.908894,1,MrTree公寓
118.873789,31.771854,1,蓝天慧融花园
118.863910,31.939723,1,书香名门
118.834381,31.943131,1,龙湖・春江郦城天宸苑
118.852265,31.953654,1,汇福佳苑
118.796429,31.941553,1,核桃公寓
118.69698,31.880428,1,南京碧桂园逸谷苑
119.105211,31.910715,1,马场山乡情苑
118.915867,32.030171,1,蓝光黑钻公馆
118.557644,31.796327,1,新铜花苑清风园
118.846591,31.836655,1,欣旺花苑秣陵小区三期
118.853693,31.952066,1,鸟巢公寓
118.832669,31.950678,1,园中园雅仕居小区
118.880756,31.969298,1,中南・缇香漫
118.939729,31.918347,1,正大天晴
118.852582,31.954538,1,瓯江华府
118.939264,31.928501,1,弘阳禹洲昕悦雅苑
118.946895,32.063472,1,银亿・东城第十街区
118.843849,31.954527,1,华意泰富
118.908125,32.025471,1,启迪・方洲润园
118.819523,31.958631,1,颐豪城
118.860772,31.957353,1,万科金域国际
118.876541,31.935235,1,融侨世家
118.838799,31.864093,1,银城旭辉G54地块
118.855852,31.780872,1,蓝天星港花园
118.592112,31.854635,1,弘阳禹洲时光印象
118.909902,32.025875,1,中海御山府3期
118.827739,31.904146,1,珑湾花园
118.818934,31.956423,1,铂金水岸
118.819186,31.943426,1,江宁1号
118.859879,31.948859,1,好逸家公寓
118.909468,32.027285,1,中海国际社区3期
118.913567,32.027019,1,中海御山府1期
118.785263,31.936121,1,翠屏国际城-水杉苑
118.594571,31.850149,1,南京绿地国际花都1期
118.864205,31.934586,1,莱茵东郡
118.846434,31.936667,1,秦淮大院
118.911517,32.027981,1,中海国际社区1期
118.816276,31.927066,1,星湖名邸
118.966495,32.092459,1,中南山锦花城
118.880956,31.958061,1,融侨悦城
118.853921,31.944498,1,都市丽景
118.829933,31.858433,1,恒大悦澜湾
118.909773,32.029545,1,中海国际社区2期
118.763225,31.853294,1,景瑞春风十里
118.913363,32.027068,1,御山府
118.594174,31.853414,1,禹洲弘阳滨湖里
118.823579,31.946153,1,金辉禹洲金陵铭著
118.838011,31.832778,1,火炬社区睦邻中心
118.952451,32.056485,1,东郊小镇第四街区-东区别墅区
118.876219,31.952826,1,江宁区淳化街道妇女儿童活动中心
118.897402,31.915718,1,中粮祥云
118.879403,31.967582,1,东城金茂悦
118.817683,31.908189,1,颐和南园颐盛湾
118.816149,31.791076,1,新城保利天地
118.852487,31.915626,1,蓝天水岸
118.891426,31.905852,1,鲁能泰山7号院
118.789056,31.962121,1,万科・新都荟
118.773629,31.874175,1,东虹花苑北苑
118.793243,31.958647,1,旭辉铂悦秦淮
118.784808,31.931641,1,帝景天成半岛阁别墅专区
118.921645,32.047833,1,银河湾紫苑
118.961435,32.092115,1,九乡雅苑
118.852961,31.798214,1,翠屏城
118.840189,31.940385,1,龙湖・春江郦城
118.927937,31.937478,1,梅龙湖无界
118.765286,31.872142,1,东虹花苑东屏苑
118.714929,31.886010,1,瑞安・翠湖山1期
118.607349,31.859013,1,中国铁建原香颂
118.895735,31.917966,1,东方・龙湖湾南湖苑
118.894092,31.920815,1,东方・龙湖湾西湖苑
118.804846,31.928747,1,百家湖艺术公馆
118.835530,31.954568,1,中前社区科普活动室
118.983515,31.8785,1,梁台煦府
118.939685,31.913182,1,江宁区淳化街道双岗社区
118.774676,31.866517,1,东虹花苑东苑
118.827333,31.901091,1,保利中央公园兰台花园西苑
118.801268,31.929775,1,亚都天元居
118.600192,31.862619,1,盛江花苑7期A区
118.840597,31.927833,1,武夷绿洲沁荷苑
118.552229,31.792628,1,荷塘人家
118.943956,31.935508,1,龙山云居
118.826395,31.928922,1,紫元府
118.875505,31.966797,1,祈泽佳苑
118.893757,31.895104,1,景枫你山
118.820161,31.929894,1,景枫凤凰台
118.882546,31.992488,1,中粮鸿云1期
118.855664,31.798259,1,博恩花园4期
118.831054,31.926359,1,玲珑屿花园
118.88879,31.932657,1,保利・樾广场
118.839777,31.835542,1,欣旺花苑
118.89676,31.884527,1,世茂梦享家
118.912095,31.905556,1,南京馨缘公寓文博店
118.779825,31.931953,1,翠屏国际城金榕苑
118.930922,32.041577,1,麒麟紫荆城定林苑
118.92729,32.041922,1,麒麟紫荆城锁石苑
118.700965,31.846832,1,碧桂园湖光山色
118.788244,31.944336,1,学府公寓
118.834071,31.867948,1,翠屏・诚园南区
118.825436,31.925924,1,21世纪现代城
118.880188,31.952075,1,保利樾公馆
118.897223,32.015082,1,科创园中央公园1期
118.698795,31.881453,1,南京碧桂园
118.893283,31.881011,1,武夷名仕园
118.984376,31.857474,1,新燕公寓
118.986757,31.853271,1,河南社区文化体育活动中心
118.9779,31.867041,1,恒业花园(灵顺北路)
118.856235,31.962153,1,爱涛・尚书云邸
118.882332,31.998462,1,大里聚福城怡景园
118.876,31.957055,1,远洋绿地云峰公馆
118.938023,32.059864,1,南京锦绣花园别墅
118.884673,32.012103,1,富力城
118.809017,31.942734,1,瑞竹园
118.824897,31.940365,1,艺术家园(池田路)
118.834098,31.947592,1,明月花园(明月路)
118.852669,31.950423,1,邮电公寓(桃园路)
118.850488,31.952776,1,小里新寓
118.846689,31.924346,1,潭桥公寓
118.808789,31.934986,1,百家湖花园
118.554906,31.798155,1,新铜花苑
118.698764,31.868892,1,康居园(振容路)
118.793192,31.923109,1,江南文枢苑
118.843053,31.941139,1,骆村新寓
118.833457,31.953332,1,枫林湾花园
118.817564,31.957169,1,南方花园D组团
118.817651,31.956501,1,水岸明珠
118.873046,31.94064,1,天景山公寓欣荣苑
118.865470,31.969284,1,武夷水岸家园
118.827079,31.944801,1,鑫都公寓
118.812115,31.937345,1,佳湖绿岛
118.852528,31.961844,1,汇景居民小组活动室
118.827597,31.943369,1,天平公寓
118.861235,31.969617,1,景祥佳园・竹园
118.885489,31.959747,1,东山街道天云社区文体活动中心
118.85447,31.770093,1,百丽明珠花园
118.851359,31.77697,1,朗诗青春街区
118.846484,31.776249,1,招商依云郡
118.779999,31.825539,1,银城蓝溪郡
118.892508,31.87856,1,银城・一方山
118.788442,31.946307,1,托乐嘉友邻居
118.825273,31.926262,1,21世纪国际公寓
118.784958,31.945507,1,托乐嘉睦邻居
118.784891,31.948687,1,托乐嘉旺邻居
118.827892,31.926216,1,21世纪现代城东区
118.853235,31.914598,1,雍景园
118.896803,31.879986,1,招商方山里花园
118.848928,31.953984,1,新医路11号
118.871135,31.94246,1,永福苑
118.899827,31.885544,1,华菁水苑
118.829275,31.896359,1,中粮彩云居
118.793843,31.908907,1,雍福龙庭
118.823977,31.898026,1,康博花园
118.77873,31.91331,1,九间堂
118.898578,31.927836,1,弘阳・上院
118.797628,31.932803,1,中航・樾府3期
118.803838,31.954248,1,水月秦淮
118.882599,31.993572,1,中粮鸿云坊
118.911116,31.904812,1,文博苑
118.886338,31.909373,1,五矿・九玺台
118.86305,31.95086,1,阳光翠庭
118.878811,31.937978,1,紫金银座(科苑路)
118.607325,31.854651,1,盛世嘉苑A区
118.592547,31.851377,1,朗诗未来家
118.857049,31.960163,1,时花公寓
118.847131,31.943223,1,工程学院家属区
118.888775,32.010823,1,富力十号
118.824080,31.897950,1,康桥水岸
118.904147,31.904208,1,龙庭水岸家园2期
118.832140,31.962198,1,秦淮绿洲
118.901959,31.913939,1,水岸风华
118.863880,31.931798,1,银城・林茵里
118.874969,31.99648,1,大里聚福城华庭北园
118.871768,31.951848,1,泥塘新苑
118.805041,31.941209,1,湖滨世纪花园
118.912606,31.896741,1,津桥华府
118.895737,31.898671,1,景枫法兰谷
118.979002,31.867244,1,金陵美域
118.84747,31.933528,1,天邦竹山华庭
118.983774,31.85858,1,卫星小区(河南西街)
118.986481,31.852618,1,河南公寓
118.944375,32.063562,1,银亿东城
118.846414,31.949774,1,玉堂花园
119.016049,31.968255,1,悦峰小筑
118.927556,32.051933,1,麒麟新村
118.858983,31.969811,1,景祥北苑
118.841677,31.962777,1,康馨花园(文靖路)
118.828553,31.905591,1,新城珑湾花园
118.860398,31.970485,1,安和家园
118.799796,31.911593,1,雅居乐藏龙御景
118.868463,31.77414,1,里外城
118.80646,31.914508,1,九龙湖别墅
119.061385,32.068852,1,矿山二处小区
118.976958,31.864877,1,陶然・经典
118.60145,31.854834,1,新理想家
118.607825,31.850617,1,碧湖天辰
118.827238,31.900872,1,保利中央公园
118.793609,31.919079,1,翠湖花园(国检路)
118.818894,31.94354,1,同曦国际广场
118.817719,31.965901,1,武夷商城风尚阁
118.824643,31.965462,1,东秦新苑
118.902401,31.909194,1,天正天御溪岸花园
118.848778,31.935764,1,天泰南苑
118.846037,31.951453,1,万达公馆
118.84408,31.929048,1,武夷绿洲观竹苑
118.872771,31.994361,1,大里聚福城华庭南园
118.766625,31.787433,1,云龙轩
118.94054,31.935787,1,淳东花园
118.874886,31.944879,1,天景山公寓荣华苑
118.847192,31.93671,1,明珠小区
118.843691,31.936524,1,蓝天公寓(金山路)
118.975395,31.873733,1,绿野枫景花园
118.882267,31.958750,1,天云小区
118.869878,31.950527,1,湖山尊邸
118.605704,31.795009,1,牧龙原墅
118.826558,31.926591,1,21世纪百家湖1号
118.85607,31.953009,1,乐超生活区
118.837906,31.916864,1,殷巷新寓
118.773515,31.84512,1,叶泊蓝山
118.884076,31.944614,1,天景山公寓如意苑
118.765094,31.855681,1,国信慧谷山居
118.833824,31.869836,1,翠屏・诚园
118.805829,31.933378,1,百家湖西花园巴黎城
118.941917,31.938046,1,润盛花园
118.868319,31.94439,1,香江豪庭
118.785766,31.949175,1,托乐嘉花园
118.783173,31.90713,1,丹佛小镇
118.838321,31.909046,1,金轮星光名座
118.967662,31.863084,1,国府大院
119.062715,32.04338,1,汤城东郡
118.601401,31.853735,1,恒信珑湖国际
118.607180,31.855978,1,盛世嘉苑B区
118.863069,31.966859,1,青山湾花园
118.854800,31.945221,1,广汇花园
118.7977,31.931635,1,中航・樾府
118.816468,31.953599,1,同曦・青春水岸
118.719053,31.761494,1,中浩・青溪庄园
118.928864,32.04868,1,东方红郡
118.85991,31.950617,1,金陵天成
118.831384,31.950256,1,蓝色假日(胜太东路)
118.911151,31.893699,1,保利・梧桐语
118.704793,31.862791,1,新民花苑
118.600764,31.85795,1,盛江花苑银杏园
118.845176,31.912563,1,中冶天城
118.896016,31.887673,1,翰香苑
118.790434,31.912998,1,天泰青城苑
118.976871,31.871728,1,绿野枫景花园东区
118.606688,31.85119,1,盛江花苑玫瑰园
118.86269,31.971489,1,爱涛尚逸华府
118.861323,31.948443,1,明月新寓
118.810612,31.971561,1,双龙别墅
118.932346,32.045799,1,华汇康城(华汇路)
118.820226,31.934042,1,绿城・水晶蓝湾
118.551766,31.798603,1,新铜花苑龙吟园
118.814018,31.945264,1,金轮第一城
118.815327,31.945367,1,胜泰新寓
118.832286,31.912897,1,秣陵街道青源社区服务中心
118.876279,31.953349,1,天景山公寓春秀苑
119.06676,32.053626,1,馨泉苑
118.878075,31.94157,1,碧华苑
118.838539,31.905473,1,殷巷新寓东3区
118.853012,31.936378,1,花语座
118.816525,31.89476,1,融园
118.902062,31.909731,1,天正・天御溪岸
118.838987,31.931975,1,东渡国际青年城(天元中路)
118.842768,31.922827,1,潭桥公寓西园
118.835112,31.96227,1,秦淮绿洲东区
118.866484,31.94322,1,广博苑
118.855603,31.937267,1,天印花园
118.846754,31.924226,1,潭桥公寓北园
119.014534,32.045059,1,巴厘原墅
118.951676,32.05669,1,东郊小镇
118.921848,32.051712,1,文荟福邸
118.880785,31.943917,1,花锦苑
118.823595,31.96811,1,金盛南苑
118.837883,31.948541,1,明月贵都花园
118.841702,31.936796,1,万欣北苑
118.846886,31.921044,1,潭桥公寓(南园)
118.824713,31.969056,1,金盛公寓
118.825652,31.968136,1,天水雅居
118.864178,31.949398,1,西苑(天印大道)
118.842868,31.93481,1,万欣花园
118.776841,31.709931,1,横云小区
118.811044,31.943721,1,枫情佳园
118.927821,32.050813,1,新地雅苑
118.786652,31.907346,1,江南青年城
118.872917,31.91537,1,印湖山庄
118.833316,31.920661,1,万科・金域蓝湾(清水亭东路)
118.93065,32.05559,1,北晨雅居
119.069019,32.057441,1,养龙山庄
118.854691,31.952882,1,利民新村(上元路)
118.94914,31.997974,1,云深处
118.906401,31.924039,1,学府风景花园
119.002554,31.927672,1,索墅新苑
118.873912,31.957633,1,上善居
118.834421,31.917824,1,骏景华庭(铺岗街)
118.8507,31.918518,1,天泽苑(竹山路)
118.776502,31.943982,1,香山美墅(开元欣街)
118.87627,31.935116,1,学府世家
118.912327,31.908942,1,文鼎雅苑
118.909579,31.907095,1,宜家国际公寓
118.858173,31.789338,1,君驰华庭
119.06118,31.933551,1,鑫源佳苑
118.69814,31.867226,1,康居小区青青家园
118.778305,31.768123,1,狮子山花苑B区
118.779435,31.935639,1,滟紫台
118.866035,31.956444,1,天鹅湖花园(湖山路)
118.846733,31.930543,1,尚景公寓
118.780807,31.770038,1,狮子山花苑A区
118.822039,31.947771,1,双龙苑
118.772557,31.942213,1,嘉瑞山庄
118.998186,32.062701,1,阳明山庄(技校路)
118.812048,31.920269,1,颐和公馆
118.840638,31.943186,1,东城福园
118.840398,31.954929,1,戴家塘
118.894847,31.883209,1,骋望・骊都
118.983978,32.059767,1,锁石村小区
119.063659,32.053161,1,蒋介石温泉别墅
118.860340,31.773051,1,祥福乐园
118.864611,31.768567,1,永欣新寓
118.865255,31.785821,1,星汉城
118.852701,31.912710,1,阳光翠堤小区
118.823981,31.90093,1,龙湖文馨苑
118.932931,31.836666,1,虹南苑小区
118.789312,31.912956,1,翰海翠庭
118.706629,31.881718,1,九岛・梦都城
118.902598,31.927571,1,方山熙园
118.896111,31.91955,1,东方・龙湖湾
118.937298,31.931938,1,旺运花园
118.884238,31.956159,1,天宁雅居
118.868572,31.961778,1,世纪东山
118.815263,31.960081,1,三钢生活小区
118.818225,31.929251,1,怡湖华庭
118.806173,31.936706,1,高尔夫国际花园(平泰街)
118.856725,31.944716,1,新亭兰苑小区
118.787996,31.923172,1,瑞景文华
118.811668,31.929909,1,文化名园
118.836083,31.947452,1,东山街道外港社区活动中心
118.861111,31.936021,1,莱茵小镇
118.829111,31.974001,1,天地新城天柱座小区
118.869705,31.952296,1,金东城雅居
118.855175,31.94056,1,金箔新村小区
118.863843,31.939739,1,书香名苑(天印大道)
118.814994,31.965454,1,鑫泰国际广场
118.930276,32.050884,1,银河湾花园
119.074341,32.056213,1,东湖丽岛别墅小区
119.064371,32.051643,1,温泉公寓
118.824192,31.912118,1,铂金华庭广场
118.842617,31.927689,1,武夷绿洲
118.855845,31.776876,1,百利华府
118.841482,31.95647,1,府后村
118.846163,31.954639,1,瑶池巷小区
118.846970,31.955121,1,东山社区宁中居民小组
118.847916,31.959083,1,芙蓉园
118.835603,31.953746,1,上元大街319号院
118.834789,31.954974,1,靖安里1号院
118.833652,31.952345,1,康达花园城
118.854922,31.950859,1,温州商业街小区
118.783667,31.904602,1,科嘉花园
118.93843,32.051229,1,麒麟山庄
118.858958,31.939095,1,双赢花园
118.816615,31.929351,1,蓝宝湾花园
118.828394,31.961759,1,爱秦湾
118.844497,31.931082,1,天元瑞h名苑
118.814158,31.920476,1,天目水秀府
118.865955,31.944335,1,康桥公寓
118.804246,31.935646,1,颐秀居
118.827949,31.929031,1,瑞鸿名邸
118.822816,31.953598,1,亲水湾花园
118.804681,31.921405,1,颐和美地西园
118.851272,31.941652,1,椰树座
118.861053,31.932317,1,莱茵东郡映霞苑
118.866789,31.946725,1,成山公寓
118.822657,31.970118,1,盈家春天花园
118.857707,31.931734,1,恒安嘉园
118.853418,31.94217,1,天元城
118.820569,31.940906,1,宁湖园岚岛别墅
118.81868,31.968603,1,经纬城市花园
118.809708,31.941482,1,百家湖西苑
118.776191,31.871063,1,东虹花苑
118.858629,31.955243,1,宁泉南苑
118.793822,31.9062,1,翠屏湾花园城
118.858236,31.956619,1,宁泉北苑
118.853691,31.959909,1,玉靖花园
118.855107,31.957712,1,金发公寓
118.854789,31.958807,1,长塘佳苑
118.857152,31.95871,1,东城家园(上元大街)
118.853451,31.955587,1,广都苑
118.783099,31.909295,1,江南青年城楚襄园
118.793476,31.91238,1,金德茂花园
118.829285,31.949056,1,21世纪假日花园
118.849913,31.959302,1,芙阁新村
118.842886,31.958699,1,北苑阁新村(文靖路)
118.830379,31.950365,1,梦蝶园
118.83109,31.949713,1,金轮一居北院
118.829561,31.953336,1,东虹园
118.820438,31.960845,1,南方花园
118.833107,31.958479,1,杭怡花园
118.833275,31.955248,1,长青社区
118.831642,31.962222,1,秦淮绿洲南区
118.834896,31.959233,1,中前公寓
118.852003,31.951183,1,景福庭院
118.852144,31.950042,1,桃园路18号院
118.853221,31.950682,1,桃园新居
118.784101,31.955652,1,左岸名苑
118.849819,31.944737,1,外港新村
118.855972,31.957776,1,金发小区
118.830284,31.957111,1,武夷花园(文靖西路)
118.853579,31.954464,1,日光佳园
118.84488,31.949199,1,恒达嘉园
118.84432,31.954605,1,华意泰富花苑
118.823986,31.949444,1,金王府
118.8173,31.922265,1,中国人家
118.856334,31.955321,1,利民小区(上元路)
118.975529,31.873748,1,绿野枫景花园西区
118.83346,31.97999,1,金港花园(金盛路)
118.929367,32.054415,1,和谐家园(宝山路)
118.772459,31.911283,1,复地・朗香
119.064727,32.048656,1,城开汤山公馆
119.076191,32.051615,1,碧水华庭
118.957977,32.053586,1,东郊小镇第一街区
118.857791,31.79526,1,奥斯博恩庄园
118.892311,31.900848,1,加州城
118.856543,31.909059,1,南京・罗托鲁拉小镇
118.92926,31.940983,1,迎湖花园
118.831652,31.971877,1,瀛洲湾花园
118.819881,31.966938,1,名嘉佳园
118.836902,31.96104,1,靖雅居
118.86068,31.966344,1,南祥星际
118.785184,31.93615,1,翠屏国际城
118.786708,31.919237,1,山水华门
118.804071,31.93711,1,高尔夫西花园
118.775038,31.953951,1,运盛美之国
118.830765,31.968961,1,碧水湾
118.836025,31.95475,1,中宁巷65号院
118.850483,31.956500,1,青云巷3号院
118.850459,31.957646,1,青云巷29号院
118.858919,31.95435,1,东城风景
118.809017,31.959631,1,宏运国际村
118.84759,31.952186,1,中心花园
118.806143,31.930697,1,百家湖西花园
118.814389,31.954254,1,天印・天琴湾花园
118.855556,31.939364,1,天元城摩登道
118.861006,31.938067,1,风和日丽(天元东路辅路)
118.872226,31.9478,1,天元吉第城
118.800838,31.936173,1,太平花苑南苑
118.849381,31.95676,1,顺达佳苑
118.603609,31.855845,1,盛江花苑
118.850878,31.935406,1,宁电馨苑(兴民北路)
118.820812,31.942747,1,静月花园
118.93336,32.057632,1,锦绣花园(麒东路)
118.823172,31.966088,1,金盛花园(宏运大道)
118.850804,31.951327,1,南京市江宁医院住宅区
118.815015,31.943324,1,湖滨公寓
118.852487,31.943694,1,广兴花园
118.860148,31.945348,1,馨绿园
118.819415,31.967826,1,紫薇花园
118.806304,31.944715,1,仲景公寓
118.92509,32.04857,1,中南・麒麟锦城
118.853171,31.961085,1,章村新寓
118.822619,31.968837,1,盈嘉・青春渡
118.827959,31.940226,1,新区花苑(庄排路)
118.848833,31.96133,1,文靖新村
118.80527,31.944656,1,天琪雅居
118.876913,31.947281,1,天景山公寓佳福苑
118.819791,31.942752,1,水竹苑
118.810548,31.942864,1,南京世界村
118.862167,31.945816,1,时代雅居(天印大道)
118.790424,31.954856,1,石马新寓
118.832695,31.948996,1,上海明珠花园
118.839737,31.929334,1,武夷绿洲赏桂苑
118.829555,31.965435,1,山水方舟
118.803628,31.945158,1,欧陆经典花园
118.776672,31.948444,1,玛斯兰德
118.781547,31.93978,1,南京航空航天大学揽翠苑
118.842996,31.964013,1,蓝园文院
118.860293,31.934241,1,莱茵东郡云栖苑
118.848943,31.934779,1,科苑公寓
118.882449,31.956474,1,康馨公寓
118.694684,31.866897,1,金牛花苑(庆缘东街)
118.847472,31.96093,1,教工新寓(文靖路)
118.805927,31.924917,1,海花苑
118.860104,31.96884,1,景祥佳园
118.805317,31.947759,1,碧水湾西园
118.798955,31.919192,1,爱涛漪水园
118.849573,31.963394,1,汇景新苑
118.813671,31.940998,1,百家湖别墅花园
118.845475,31.954652,1,江苏省南京市江宁区瑶池巷7号院
118.873318,31.934810,1,米多米公寓湖山路店
118.844944,31.954005,1,城中大市口
118.820020,31.965376,1,龙口海景房
118.821910,31.953030,1,魔方4.8
118.830904,31.914591,1,殷巷打工楼
118.769675,31.884032,1,晨光新区
118.600661,31.86706,1,司家小苑
119.069509,32.054394,1,龙珠山庄
118.824103,31.925227,1,南京千倩变公寓
118.794082,31.943001,1,超德N公寓
118.844772,31.946822,1,江宁区社区服务中心
118.835013,31.904461,1,殷巷新寓南区
118.799905,31.915605,1,水韵别墅
118.729881,31.911480,1,一宿山麓之庭
118.780646,31.955778,1,弘大公寓
118.876221,31.952785,1,王墅社区
118.877034,31.971959,1,东麒雅苑
118.785535,31.925396,1,启家花园
118.836180,31.918030,1,殷巷新寓(242幢-297幢)
118.863239,31.993176,1,前庄31号
119.06021,32.041689,1,汤城汇
118.824810,31.928659,1,南京琥珀公寓
118.829620,31.895102,1,南京Locals路客・南京江宁A02舍公寓
118.784584,31.945174,1,南京南站翠屏山站成熟小区阳光充沛大床房普通公寓
119.060676,32.059458,1,幸福佳园
118.559859,31.840036,1,新一棉生活区
118.727529,31.911734,1,周村社区
118.842556,31.951031,1,夜奔南京公寓
118.852745,31.915531,1,蓝天水岸花园
118.878797,31.977365,1,职工之家
118.841859,31.833991,1,双金社区
118.903090,31.890170,1,南京晓庄学院(方山校区)学生宿舍D区
118.847554,31.939125,1,东山街道红十字会博爱家园
118.903980,31.894340,1,南京晓庄学院(方山校区)学生宿舍B区
118.843820,31.679121,1,桑园社区
118.828821,31.856800,1,银城旭辉G56
118.712673,31.720103,1,石塘社区
118.920956,32.046683,1,苏欣园
118.786555,31.918815,1,翰林苑
118.588037,31.775977,1,南山湖竹润阁(翠竹西苑9号)
118.977993,31.868703,1,书香江宁
118.774977,31.953903,1,美之国花园
118.901990,31.891610,1,晓庄师范方山校区学生宿舍G区
118.909726,31.904942,1,水岸之恋
118.784011,31.943091,1,紫藤花园
118.904724,31.925029,1,博学苑丹桂园1号库
118.903561,31.894862,1,南京晓庄学院(方山校区)学生宿舍A区
118.824582,31.965059,1,岔路社区
118.824810,31.928651,1,南京河定桥地铁口旁琥珀公寓
118.837295,31.865490,1,银城旭辉上淮铂悦府
118.601649,31.853587,1,江宁区珑湖国际
118.862728,31.935893,1,金陵城市公寓
118.698370,31.867269,1,康居小区(振容路)
118.810499,31.938250,1,环湖西路6号小区
119.093817,31.932352,1,周郎社区
118.942031,31.932332,1,职工1之家
119.008066,31.884745,1,新跃社区
118.917640,32.042581,1,青西苑
118.888977,31.933852,1,樾山林语
119.068749,32.043107,1,人才公寓
118.894310,31.917400,1,云雾里
118.831325,31.946372,1,欧城国际
118.849336,31.939228,1,东山街道骆村社区
118.848626,31.942123,1,江宁区骆村社区
118.834307,31.965720,1,秦淮绿洲北区3期
118.900931,31.914361,1,协众雅居1期
118.901953,31.914733,1,协众雅居2期
118.830568,31.787147,1,如意郡
118.930601,32.055616,1,北景雅居
118.832131,31.912006,1,殷巷小区1幢
118.878859,31.966189,1,南京融侨观澜
118.850759,31.957692,1,顺达佳苑-29号院
118.927349,31.939071,1,保利伴湖院
118.779899,31.767910,1,桃红小区
118.580206,31.887187,1,新洲社区
118.953026,31.834265,1,东阳社区
119.011665,32.088068,1,湖山社区
118.923107,31.707568,1,小彭社区
118.913501,31.841215,1,双桥社区
118.808108,31.716495,1,安民社区
118.862329,31.998188,1,怡景园
118.933426,32.051587,1,阳光小区20幢
118.934909,32.050169,1,阳光小区54幢
118.819498,31.957826,1,南方花园-B组
118.835842,31.960433,1,中前社区附属楼
118.671556,31.835509,1,盛和家园
119.083353,31.999520,1,阜庄社区
118.609902,31.853448,1,江瑜花苑福来园
119.070226,32.040518,1,汤山玉兰公馆
118.907465,32.025168,1,启迪城瑞园
118.670047,31.853753,1,亲见社区
118.690383,31.667912,1,许高社区
118.872545,31.770994,1,兴富楼
118.832826,31.866736,1,五矿幸福里
118.978782,31.857316,1,伍福家园
118.663388,31.843624,1,金谷田园综合体
118.657656,31.809403,1,花塘社区
118.849146,31.809551,1,周里社区
119.038378,31.901228,1,西城社区
118.933626,32.051248,1,阳光小区19幢
118.810675,31.961739,1,左邻里家园
118.878899,31.800481,1,张桥社区
118.839419,31.908809,1,江宁区星光名座
118.716631,31.689834,1,山景社区
118.881864,31.985119,1,和景公寓
119.017952,31.938842,1,茶岗社区
118.645414,31.826123,1,庙庄社区
118.936650,31.884548,1,新林社区
118.843864,31.776963,1,吉祥国际
118.691311,31.779992,1,牌坊社区
118.833988,31.902416,1,九竹金宝装饰城C座1号楼
118.715475,31.855965,1,双塘社区
118.891942,31.671307,1,溧塘社区
118.734995,31.661148,1,勇跃社区
118.827698,31.655867,1,横山社区
118.850589,31.956310,1,顺达佳苑-3号院
118.867276,31.959983,1,泥塘社区世纪东山网格片区
118.826197,31.928285,1,千言万语园园
118.869912,31.979039,1,养德楼
118.859361,31.774635,1,供电公寓
118.708111,31.865532,1,泉塘新寓西苑
118.904872,31.911439,1,万景优享
118.872092,31.955205,1,孔雀城・上元府
118.782548,31.943020,1,正德职业技术学院学生公寓北区
118.863702,31.929023,1,云逸都荟花园西区
118.850662,31.956712,1,安馨公寓
118.834040,31.915979,1,殷巷东苑
118.939110,31.928539,1,弘阳・昕悦雅苑
118.788799,31.961108,1,万科南站G46地块
118.662339,31.766199,1,蒋干子荷花社区
118.847676,31.947666,1,安歆公寓
118.903169,31.905539,1,万裕龙庭水岸家园1期西区
118.788643,31.948365,1,托乐嘉旺邻居10栋3单元108院
118.903461,31.905674,1,万裕龙庭水岸家园-西区
118.929316,32.048506,1,东方红郡2期
118.879372,31.996172,1,大理聚聚城
118.858912,31.911043,1,窝趣公寓
118.952790,32.055690,1,东郊小镇第四街区东区
118.824708,31.871405,1,新派公寓(南京未来科技城店)
118.919420,32.045890,1,银河湾紫苑南苑
118.828423,31.873186,1,翠屏诚园东区
118.813740,31.944675,1,第一城-1幢玫瑰阁
118.934579,32.051695,1,阳光小区22幢
118.934359,32.051204,1,阳光小区51幢
118.934160,32.049530,1,阳光小区58幢
118.934096,32.052594,1,阳光小区8幢
118.933485,32.052254,1,阳光小区4幢
118.933545,32.051943,1,阳光小区5幢
118.934239,32.051971,1,阳光小区6幢
118.933325,32.052560,1,阳光小区3幢
118.934122,32.052289,1,阳光小区7幢
118.783317,31.932627,1,帝景天成
118.892991,31.894969,1,景枫你山13号库
118.792308,31.954061,1,秦淮社区
118.813065,31.798866,1,新城佳苑2期
118.888980,31.963441,1,招商名筑
118.888886,31.984862,1,C区第一街区
119.060239,32.041663,1,南京禾沐loft温泉公寓
118.594174,31.853414,1,禹洲弘阳竹水居
118.845965,31.936563,1,E+青年公寓(竹山路店)
118.610403,31.861988,1,江瑜花苑大姚园
118.846482,31.833556,1,家园社区银龄乐生活馆
118.869472,31.791280,1,龙江家园
118.799694,31.962374,1,绿地之窗H1
118.810377,31.957699,1,左邻右里小区银桂苑24栋102院
118.865668,31.911024,1,天瑞家园
119.001875,31.927048,1,赶超网(索墅社区)
118.958850,32.052760,1,晨光社区电商服务中心
118.811403,31.875859,1,CCB建融家园
118.842919,31.924643,1,谭凡积楼
118.844158,31.954224,1,商业大厦公租房
118.603163,31.857609,1,南京市红十字会盛江花苑金桂园衣物捐赠箱
118.814228,31.947853,1,鼎城国际
118.783600,31.944872,1,翠屏清华别墅
118.905884,32.025393,1,启迪城雅园
118.591875,31.854848,1,弘阳禹洲燕澜新苑
118.871785,32.000010,1,松果冠寓
118.844147,31.951569,1,万达广场A座1211室
118.786014,31.934689,1,梓房公寓
118.794950,31.904504,1,南京市红十字会翠屏湾花园小区衣物捐赠箱
118.810758,31.969271,1,万科大都会D区
118.719772,31.639696,1,南京市红十字会丹阳家园小区衣物捐赠箱
118.600360,31.842987,1,蚁安居
118.901968,31.694614,1,埂方社区
118.827422,31.919997,1,翡翠逸景花园
118.771360,31.867280,1,东虹花苑南苑
118.824914,31.945601,1,胜利家园
118.881454,32.012420,1,富力郦墅
118.805739,31.931915,1,南京市红十字会百家湖西花园小区衣物捐赠箱
118.823807,31.949542,1,金工府小区
118.862403,31.936568,1,科苑社区
118.836299,31.960724,1,中前社区安心家
118.828466,31.942535,1,南京市红十字会胜利新寓小区衣物捐赠箱
118.846442,31.774910,1,招商依云郡-南区
118.822243,31.946980,1,五栋小区
118.829743,31.949031,1,961金色家园
118.895462,31.899690,1,景枫法兰谷3期
118.841665,31.842417,1,泽丰苑
118.885847,31.957287,1,上坊经济适用房二期2标段C区
118.856733,31.957445,1,利民小区(上元大街)
118.860082,31.955206,1,万科金域国际丰巢
118.601363,31.864599,1,南京市红十字会盛江花苑小区衣物捐赠箱
118.887093,31.961810,1,深业青龙山G72地块
118.797608,31.941582,1,牛首社区
118.826523,31.944104,1,交行公寓
118.879331,31.968947,1,东城金茂悦I期
118.816910,31.907845,1,颐盛湾32栋二座号
118.831187,31.916138,1,润珑景园
118.601310,31.855191,1,新逸花园
118.839636,31.846608,1,双金社区
118.895239,31.893525,1,景枫你山35号库
118.874007,31.680436,1,金岭新村
118.940391,31.936992,1,淳东花园2期
118.881147,32.013068,1,运粮河东路水街坊
118.783735,31.936684,1,睦邻太平社区
118.906903,32.028748,1,启迪城-智园
118.834160,31.938392,1,胡家花园
118.823851,31.963172,1,秦湾景园-东区
118.790085,31.931878,1,幸福里
118.834471,31.915371,1,殷巷复建房
118.809601,31.930207,1,荷风苑
118.818770,31.967669,1,链家地产经纬城市花园小区
118.869022,31.980212,1,行进楼
118.868918,31.984770,1,城市青年社区公寓
118.854884,31.957176,1,嘉园
118.791000,31.778559,1,信诚大道108号
118.839210,31.894861,1,吉印大道3098号
118.859163,31.968172,1,城开景祥佳园-西区
118.825339,31.871950,1,悠湖人才公寓
118.799416,31.928573,1,保利里城
118.697421,31.866179,1,中建・谷里
118.811700,31.876900,1,南京市江宁区秣陵街道流动人口公寓
118.843345,31.776335,1,深龙国际
118.876336,31.936879,1,陶园世家
118.939418,31.934390,1,淳东花园1期
118.894333,31.987963,1,谢氏新顺城
118.895822,31.878614,1,澜悦方山居
118.835800,31.905361,1,殷巷新寓(160幢-187幢)
118.861349,31.948453,1,明月新寓花园
118.940482,31.804217,1,尚园
118.835930,31.954766,1,计经委住宅
118.853959,31.944459,1,都市丽景花园
118.693300,31.867945,1,明德楼
118.926973,31.967575,1,江宁区青龙山庄2期
118.601404,31.861102,1,南京市红十字会盛江花苑玉兰园衣物捐赠箱
118.856392,31.957159,1,领慧楼
118.706055,31.880910,1,王利利语林苑
118.847022,31.921219,1,桥头社区家邻里
118.854596,31.951369,1,物资局小区
118.832642,31.926849,1,南京市红十字会朗诗玲珑屿小区衣物捐赠箱
118.966936,32.085978,1,阳光城文澜府
118.800873,31.917932,1,南京市红十字会爱涛漪水园小区衣物捐赠箱
118.962414,32.055661,1,金宝麒麟商业广场住宿区
118.877529,31.956529,1,宁远楼
118.789467,31.932579,1,诗丹名苑
118.780267,31.715694,1,横苑小区
118.807717,31.938644,1,秣陵街道湖滨社区百家湖国际花园居民小组
118.835100,31.962220,1,名境雅筑东苑
118.862961,31.963457,1,湖西雅居东苑
118.834390,31.906880,1,殷巷新寓(124幢159幢)
118.815409,31.954318,1,水月秦淮天琴湾花园
118.800635,31.929447,1,南京市红十字会亚都天元居小区衣物捐赠箱
118.957758,31.956368,1,百草先生雅苑
118.867350,31.965580,1,武夷水岸家园南苑
118.846099,31.954860,1,瑶池巷8
118.865244,31.769980,1,永欣新寓玫瑰苑
118.786504,31.905106,1,南京市红十字会江南青年城小区捐赠箱
118.922977,32.027570,1,江苏南京侨梦苑麒麟华侨华人创业社区
118.778687,31.906395,1,南瑞公寓
118.850290,31.955529,1,顺远佳苑
118.836619,31.942171,1,南京龙湖春江郦城锦宸苑B区
118.691064,31.862330,1,友谷家园
118.828740,31.905541,1,新城珑湾花园-北区
118.802003,31.954209,1,南京市红十字会水月秦淮小区衣物捐赠箱
118.841278,31.777938,1,江鸿国际
118.696701,31.880203,1,碧桂园九岛梦都城2期
118.775660,31.868299,1,东虹花苑东区
118.840045,31.906599,1,殷巷新寓(188幢-241幢)
118.800385,31.916913,1,佛城东路小区
118.768465,31.771585,1,江宁区横溪街道杭村社区
118.668568,31.744411,1,大庙社区
118.749384,31.792165,1,西阳社区
118.868848,31.985222,1,乐乎城市青年社区(祥宇店)
118.769828,31.909417,1,复地・朗香别墅
118.742850,31.745488,1,云台社区
118.781212,31.949080,1,美仕别墅
118.864816,31.991191,1,湾流国际共享社区(润麒路店)
118.780667,31.767798,1,南京市红十字会弘景新寓小区衣物捐赠箱
118.773769,31.871120,1,东虹花苑西区
118.847161,31.835122,1,欣旺花苑3期
118.846760,31.954920,1,宁中巷2
118.842379,31.909483,1,米多公寓
118.838419,31.843646,1,沐福苑
118.829999,31.946227,1,21CENTURY
118.790690,31.961712,1,东山街道龙西社区文体活动室
118.909455,31.901058,1,南京生命科技小镇南区
118.839500,31.887526,1,梧桐居公寓
118.879167,31.966506,1,东城金茂悦2期
118.800872,31.936057,1,太平花苑-南区
118.810117,31.961074,1,龙西社区
118.839975,31.716094,1,徒盖社区
118.987160,31.852901,1,河南公寓东区
118.780367,31.886418,1,鹏力集团宿舍楼
118.603717,31.766128,1,七里岘邻里活动中心
118.616310,31.769637,1,西宁社区
119.087284,31.900049,1,淳化街道滨淮社区
119.089895,31.885306,1,淳化街道民主社区
118.831450,31.972011,1,瀛洲湾
118.862762,31.768215,1,钟村社区
118.782011,31.907792,1,丹佛soho小公馆
118.892290,31.900865,1,景枫・加州城
118.802180,31.928618,1,森林小蜜蜂公寓
118.877074,31.985104,1,南京方隅江宁公寓
118.856571,31.777209,1,百利华府2期
118.814433,31.791098,1,翔宇花园
118.880544,31.778291,1,禄口街道成功社区
118.835643,31.824358,1,南京市江宁区秣陵街道西旺社区
118.921077,32.047992,1,南京市红十字会银河湾紫苑小区衣物捐赠箱
118.801227,31.911838,1,南京市红十字会藏龙御景小区衣物捐赠箱
118.846197,31.922757,1,东发厂家属楼
118.800727,31.944127,1,魔方公寓(百家湖店)
118.783166,31.917475,1,恒龙苑
118.895509,31.893950,1,景枫你山34号库
118.864911,31.932681,1,莱茵东郡花园-秋月苑
118.558994,31.795896,1,新铜花苑-六期经济适用房
118.822296,31.950803,1,Endora小姐的花园
118.599772,31.857073,1,南京市红十字会盛江花苑银杏园衣物捐赠箱
118.888094,32.011165,1,紫金(麒麟)科技创业特别社区
118.864761,31.765337,1,永欣新寓桂花苑
118.801407,31.919873,1,爱涛漪水园倚湖苑
118.787134,31.906416,1,江南青年城蓝水苑
118.867823,31.792198,1,紫麓苑
118.818869,31.968676,1,邵盛社区
118.857271,31.956580,1,利民小区5幢
118.874067,31.941212,1,南京江宁温情公寓(天景山欣荣苑)
118.603843,31.857679,1,盛江花苑金桂园-北区
118.826744,31.976400,1,天地新城天玑座小区
118.835337,31.953316,1,电大家属区
118.785192,31.772509,1,大学生公寓
118.904945,31.894101,1,晓庄学院学生公寓楼9幢
118.783820,31.939330,1,正德学院学生公寓北2号楼
118.870866,31.930250,1,考研村
118.862818,31.962041,1,岗山经济适用房生活区
118.919203,32.058231,1,南工高职学生公寓新3栋楼
118.847472,31.939382,1,煤气公司宿舍(潭园西路)
118.783092,31.915609,1,河海大学江宁校区四期学生公寓
118.882145,31.929448,1,南京工程学院・萃园9幢
118.886907,31.924486,1,南京工程学院润园-10B幢学生公寓
118.920549,31.902523,1,中国药科大学江宁校区文枢苑
118.91984,31.899439,1,中国药科大学江宁校区文萃苑
118.812866,31.875261,1,九龙湖人才公寓
118.826608,31.882245,1,东南大学九龙湖校区梅园3B
118.814082,31.880472,1,东南大学九龙湖校区橘园4舍
118.903118,31.890967,1,南京晓庄学院秋实苑学生公寓
118.787449,31.909733,1,江南骏园二全楼
118.826162,31.890998,1,东南大学九龙湖校区桃园7舍
118.788591,31.910716,1,江南骏园六韬楼
118.919513033619,31.8983170090514,1,中国药科大学江宁校区文澜苑
118.918067,31.898599,1,中国药科大学江宁校区文菁苑
118.919258,31.899649,1,中国药科大学江宁校区文轩苑
118.922046,31.903715,1,中国药科大学江宁校区文思苑
118.881649,31.930017,1,南京工程学院・萃园10幢公寓
118.855593,31.946380,1,南京万达嘉华酒店员工之家
118.826122,31.882515,1,东南大学九龙湖校区梅园1舍-4舍
118.827607,31.890440,1,东南大学九龙湖校区桃园3舍-4舍
118.813528,31.882281,1,东南大学九龙湖校区橘园1舍-3舍
118.880634,31.736301,1,禄口机场员工宿舍
118.781904,31.915239,1,河海大学江宁校区17栋
118.787332,31.916864,1,河海大学江宁校区三期学生公寓
118.888683,31.702077,1,学生公寓12号宿舍楼
118.889888,31.926790,1,南京旅游职业学院-学生宿舍H
118.811126,31.876867,1,男生宿舍
118.891374,31.884744,1,南京传媒学院学生公寓-6号楼改
118.847424,31.934329,1,乙炔气厂宿舍楼
118.871904,31.919263,1,运动员宿舍
118.834936,31.952405,1,电大宿舍
118.887673,31.885005,1,南京传媒学院-学生公寓
118.905135,31.895905,1,南京晓庄学院(方山校区)E区-学生公寓H区
118.887397,31.887597,1,方山南外教职工公寓
118.880397,31.922633,1,南京工程学院东区四号站宿舍
118.802970,31.861010,1,新能源宿舍
118.837575,31.836836,1,新蓝天钢构宿舍
118.810365,31.876952,1,女生宿舍
118.902852,31.898649,1,女生宿舍
118.777437,31.891878,1,汉桑宿舍
118.802970,31.861010,1,全峰新厂宿舍
118.822653,31.854598,1,碧桂园宿舍区
118.563631,31.813659,1,中兴宿舍
118.781091,31.887556,1,冠宇宿舍
118.902852,31.898649,1,男生宿舍
118.780287,31.940719,1,南航宿舍
118.853769,31.922942,1,男生宿舍
118.776507,31.909464,1,c1宿舍
118.893056,31.963087,1,中建四局宿舍
118.827179,31.893157,1,东南大学九龙湖校区青教公寓
118.942478,32.043253,1,苏果超市-宿舍区
118.892750,31.939836,1,南京医科大学江宁校区青教公寓
118.882920,31.685050,1,金肯学院-南校区学生公寓
118.905716,31.893659,1,南京晓庄学院方山校区留学生公寓E区
118.888259,31.930309,1,江苏经贸职业技术学院江宁校区紫薇苑
118.887381,31.929400,1,江苏经贸职业技术学院江宁校区樱花苑
118.704438,31.874570,1,围墙边宿舍
118.794758,31.870950,1,大众员工宿舍
118.777565,31.886521,1,南京鹏力科技塑造公司宿舍
118.802195,31.848684,1,南瑞继保宿舍
118.847236,31.942433,1,三江学院竹山路校区女生宿舍
118.855827,31.928976,1,研力宿舍
118.868816,31.772918,1,中图宿舍
118.789390,31.900408,1,丰巢员工宿舍楼
118.710933,31.725139,1,学生公寓
118.963006,31.864877,1,申通公司宿舍
118.810080,31.875134,1,南京吉宝厂无声员工宿舍
118.783555,31.936848,1,保安宿舍
118.859560,31.948886,1,大有服装厂宿舍楼
118.893700,31.986441,1,众彩生活区
118.815217,31.952724,1,海通员工生活区
118.811339,31.936180,1,员工宿舍
118.920029,32.056390,1,女生04宿舍
118.839722,31.886630,1,准大一宿舍
118.784900,31.935106,1,员工宿舍
118.972279,31.883113,1,亮之杰宿舍
118.802111,31.950697,1,福旺厂宿舍
118.827798,31.895544,1,南京同仁医院-员工宿舍
118.831846,31.841463,1,职工之家
118.817974,31.966779,1,造纸厂宿舍
118.794758,31.870950,1,南京宝兴北门联成员工宿舍
118.680225,31.880413,1,南京天环食品集团有限公司员工宿舍
118.918538,31.898530,1,中国药科大学B9宿舍楼
118.812951,31.785856,1,塔菲尔员工宿舍
118.882306,31.698468,1,学生公寓2号宿舍楼
118.884643,31.697382,1,南京航空航天大学金城学院学生公寓7号宿舍楼
118.794275,31.871560,1,南京恒诚联晟员工宿舍
118.887836,31.929706,1,樱花苑
118.901034,31.905442,1,金陵科技学院-宿舍北区06幢A
118.888369,31.930450,1,江苏经贸职业技术学院-紫微苑
118.848175,31.939173,1,潭园西路
118.881661,31.930289,1,南京工程学院萃园10幢B座
118.888552,31.921639,1,南京工程学院-4号学生公寓
118.783319,31.944120,1,正德学院学生公寓北3号楼
118.888146,31.924168,1,南京工程学院润园-08B幢学生公寓
118.888832,31.702724,1,学生公寓14号宿舍楼
118.882311,31.698846,1,学生公寓1号宿舍楼
118.883648,31.697602,1,学生公寓6号宿舍楼
118.881968,31.697502,1,学生公寓10号宿舍楼
118.825239,31.970595,1,三江学院东山校区-女生宿舍A楼
118.773922,31.827565,1,江苏软件园人才公寓5
118.901871,31.891511,1,南京晓庄学院g区宿舍
118.903613,31.894406,1,晓庄学院树惠苑学生宿舍15幢
118.782683,31.914393,1,河海大学江宁校区宿舍20号楼
118.902661,31.890579,1,南京晓庄学院学生宿舍28幢
118.899486,31.907565,1,金陵科技学院-学生一宿舍
118.827359,31.891099,1,南京东南大学桃园5B宿舍
118.848272,31.942389,1,三江学院竹山路校区男生宿舍
118.903056,31.897361,1,南京晓庄学院方山校区F区学生公寓
118.887029,31.924203,1,南京工程学院-润园
118.549924,31.785853,1,铜井农贸市场宿舍楼
118.880452,31.927998,1,南京工程学院萃园-04B幢学生公寓
118.879361,31.928359,1,南京工程学院萃园3A幢公寓
118.906719,31.921857,1,江苏海事职业技术学院江宁校区沁园4号楼-北楼
118.881381,31.928996,1,南京工程学院萃园-08A幢学生公寓
118.882519,31.928379,1,南京工程学院萃园-07A幢学生公寓
118.879366,31.928686,1,南京工程学院萃园-3B幢公寓
118.879259,31.926652,1,南京工程学院萃园-01B幢学生公寓
118.888695,31.922178,1,南京工程学院润园-06A幢学生公寓
118.881368,31.930254,1,南京工程学院萃园-10B学生幢公寓
118.906694,31.921505,1,江苏海事职业技术学院江宁校区沁园4号楼-南楼
118.887745,31.921544,1,南京工程学院润园-05A幢学生公寓
118.888863,31.921863,1,南京工程学院润园-04B幢学生公寓
118.888852,31.921543,1,南京工程学院润园-04A幢学生公寓
118.906591,31.921500,1,江苏海事职业技术学院江宁校区-沁园
118.888136,31.923846,1,南京工程学院润园-08A幢学生公寓
118.879247,31.926971,1,南京工程学院萃园-01C幢学生公寓
118.882524,31.927682,1,南京工程学院萃园-06A幢学生公寓
118.880447,31.927691,1,南京工程学院萃园-04A幢学生公寓
118.879323,31.926419,1,南京工程学院萃园-1A幢公寓
118.888700,31.922499,1,南京工程学院润园-06B幢学生公寓
118.887957,31.924814,1,南京工程学院润园-09B幢学生公寓
118.902367,31.918376,1,江苏海事职业技术学院澄园2号楼-北楼
118.888747,31.922819,1,南京工程学院润园-07A幢学生公寓
118.886917,31.924808,1,南京工程学院润园-10C幢学生公寓
118.881475,31.927676,1,南京工程学院萃园-05A幢学生公寓
118.83368,31.847891,1,荣平宿舍园区
118.888682,31.923138,1,南京工程学院润园-07B幢学生公寓
118.885883,31.924800,1,南京工程学院润园-11B幢学生公寓
118.888449,31.923490,1,南京工程学院润园-07C幢学生公寓
118.886897,31.924167,1,南京工程学院润园-10A幢学生公寓
118.882528,31.927990,1,南京工程学院萃园-06B幢学生公寓
118.909215,31.921049,1,江苏海事职业技术学院江宁校区沁园1号楼-南楼
118.908589,31.923030,1,江苏海事职业技术学院(江宁校区)沁园3号楼-北楼
118.887944,31.924489,1,南京工程学院润园-09A幢学生公寓
118.881383,31.929373,1,南京工程学院萃园-08B幢学生公寓
118.882528,31.928765,1,南京工程学院萃园-07B幢学生公寓
118.881479,31.928001,1,南京工程学院萃园-05B幢学生公寓
118.887743,31.921867,1,南京工程学院润园-05B幢学生公寓
118.809151,31.895502,1,马自达生活区
118.972237,32.044219,1,江苏双龙集团江宁分公司宿舍楼
118.835050,31.952763,1,江宁广电宿舍楼
118.854283,31.946083,1,审计局宿舍
118.880076,31.927434,1,教工公寓
118.894811,31.936302,1,南京医科大学江宁校区榴竹苑
118.893959,31.936741,1,南京医科大学江宁校区枇杷苑
118.919907,31.899644,1,中国药科大学文翠苑
119.067293,31.938407,1,南京胶带厂职工宿舍
118.784417,31.884815,1,华宝宿舍B区
118.879593,31.924735,1,南京工程学院江宁校区工业中心
118.903438,31.895598,1,南京晓庄学院滋兰苑学生公寓
118.905806,31.893753,1,南京晓庄学院E区学生公寓
118.903971,31.894139,1,南京晓庄学院树蕙苑学生公寓
118.882921,31.685052,1,金肯职业技术学院-南校区学生公寓
118.767322,31.909828,1,中电光伏宿舍
118.942462,32.043192,1,苏果配送中心宿舍区
118.901777,31.905235,1,金陵科技学院女生宿舍东苑幢
118.813538,31.881065,1,东南大学九龙湖校区橘园1B
118.812661,31.883960,1,东南大学九龙湖校区橘园5舍
118.812545,31.884565,1,东南大学九龙湖校区橘园7舍
118.814266,31.881352,1,东南大学九龙湖校区橘园1C
118.909498,31.930667,1,金斯瑞生物科技公司宿舍
118.827206,31.890658,1,东南大学九龙湖校区桃园4A
118.882523,31.929624,1,南京工程学院萃园-09B幢学生公寓
118.813988,31.882190,1,东南大学九龙湖校区橘园3D
118.827224,31.891701,1,东南大学九龙湖校区桃园6B
118.827273,31.890414,1,东南大学九龙湖校区桃园4B
118.827941,31.882570,1,东南大学九龙湖校区梅园7A
118.827280,31.891373,1,东南大学九龙湖校区桃园5A
118.827148,31.889224,1,东南大学九龙湖校区桃园2B
118.813436,31.881877,1,东南大学九龙湖校区橘园2A
118.827892,31.891711,1,东南大学九龙湖校区桃园6D
118.827925,31.891407,1,东南大学九龙湖校区桃园5C
118.879270,31.928332,1,南京工程学院萃园-03A幢学生公寓
118.826557,31.882862,1,东南大学九龙湖校区梅园4D
118.814059,31.881908,1,东南大学九龙湖校区槁园2C
118.827823,31.890685,1,东南大学九龙湖校区桃园4C
118.882517,31.929204,1,南京工程学院萃园-09A幢学生公寓
118.879263,31.926330,1,南京工程学院萃园-01A幢学生公寓
118.825884,31.882778,1,东南大学九龙湖校区梅园4B
118.826467,31.882558,1,东南大学九龙湖校区梅园3A
118.827956,31.889251,1,东南大学九龙湖校区桃园2D
118.825927,31.882494,1,东南大学九龙湖校区梅园2A
118.827282,31.888882,1,东南大学九龙湖校区桃园1A
118.827935,31.882896,1,东南大学九龙湖校区梅园8D
118.827988,31.889864,1,东南大学九龙湖校区桃园3D
118.827960,31.890436,1,东南大学九龙湖校区桃园4D
118.879296,31.928977,1,南京工程学院萃园-03C幢学生公寓
118.828033,31.891111,1,东南大学九龙湖校区桃园5D
118.827946,31.888932,1,东南大学九龙湖校区桃园1C
118.879267,31.928660,1,南京工程学院萃园-03B幢学生公寓
118.828042,31.883882,1,东南大学九龙湖校区梅园9C
118.825883,31.881660,1,东南大学九龙湖校区梅园1B
118.825900,31.882188,1,东南大学九龙湖校区梅园2B
118.827425,31.881698,1,东南大学九龙湖校区梅园5B
118.814166,31.881625,1,东南大学九龙湖校区橘园2D
118.827167,31.891944,1,东南大学九龙湖校区桃园6A
118.827849,31.891996,1,东南大学九龙湖校区桃园6C
118.813523,31.881287,1,东南大学九龙湖校区橘园1A
118.827962,31.888698,1,东南大学九龙湖校区桃园1D
118.827181,31.888633,1,东南大学九龙湖校区桃园1B
118.813481,31.881562,1,东南大学九龙湖校区橘园2B
118.826622,31.882004,1,东南大学九龙湖校区梅园1C
118.828078,31.882334,1,东南大学九龙湖校区梅园7B
118.828110,31.882052,1,东南大学九龙湖校区梅园5C
118.826638,31.881687,1,东南大学九龙湖校区梅园1D
118.828104,31.881752,1,东南大学九龙湖校区梅园5D
118.826034,31.881967,1,东南大学九龙湖校区梅园1A
118.813840,31.882474,1,东南大学九龙湖校区橘园3C
118.888491,31.922896,1,07号楼男生公寓
118.882185,31.928537,1,07号楼女生公寓
118.882194,31.927856,1,06号楼男生公寓
118.881742,31.927756,1,05号楼男生公寓
118.887275,31.924608,1,10号楼女生公寓
118.921941,31.903863,1,中国药科大学江宁校区g组团
118.879650,31.927839,1,02号楼女生公寓
118.821725,31.891756,1,东南大学九龙湖校区青教公寓1
118.814218,31.881096,1,东南大学九龙湖校区橘园1D
118.904040,31.892603,1,南京晓庄学院春华苑学生公寓
118.786687,31.909969,1,江南骏园一心楼
118.789712,31.911028,1,江南骏园七步楼
118.789247,31.909957,1,江南骏园四书楼
118.788561,31.909762,1,江南骏园三思楼
118.903376,31.891145,1,晓庄学院学生宿舍秋宝苑24幢
118.827220,31.893156,1,东南大学九龙湖校区教师公寓
118.903500,31.901238,1,南京金陵科技学院学生公寓楼1幢
118.827749,31.883578,1,东南大学九龙湖校区梅园9舍
118.921871276766,31.9019666005104,1,中国药科大学江宁校区文昌苑
118.921910264757,31.9045335091057,1,中国药科大学江宁校区文德苑
118.888851,31.928131,1,南京旅游职业学院学生宿舍A
118.888806,31.926820,1,南京旅游职业学院-学生宿舍E
118.888828,31.927286,1,南京旅游职业学院-学生宿舍D
118.871513,31.918120,1,方山体育训练基地运动员公寓
118.903125,31.918740,1,江苏海事职业技术学院学生公寓
118.889891,31.942039,1,明苑04幢南座
118.893923,31.936826,1,南京医科大学研究生公寓
118.888260,31.930285,1,紫薇苑
118.887441,31.928711,1,桃李苑(丽泽路)
118.886717,31.928136,1,银杏苑
118.881402,31.932084,1,江苏经贸职业技术学院江宁校区百合苑
118.882294,31.932063,1,江苏经贸职业技术学院江宁校区松竹苑
118.882018,31.932998,1,江苏经贸职业技术学院江宁校区玫瑰苑
118.883343,31.934720,1,江苏经贸职业技术学院江宁校区兰馨苑
118.904891,31.894075,1,晓庄学院树蕙苑学生宿舍9幢
118.903348,31.891492,1,晓庄学院学生宿舍秋宝苑23幢
118.813196,31.882431,1,东南大学九龙湖校区橘园3A
118.903692,31.893727,1,晓庄学院树惠苑学生宿舍13幢
118.890758,31.926913,1,南京旅游职业学院-学生宿舍F
118.903549,31.894049,1,晓庄学院树惠苑学生宿舍14幢
118.904763,31.891917,1,晓庄学院学生宿舍22幢
118.813987,31.881909,1,东南大学九龙湖校区橘园2C
118.885885,31.924475,1,南京工程学院学生公寓11-A
118.903405,31.896085,1,晓庄学院学生公寓6幢
118.880798,31.929659,1,南京工程学院萃园
118.811270,31.876751,1,华宝员工宿舍
118.783481,31.916432,1,河海大学江宁校区女生公寓
118.784948,31.917560,1,河海大学江宁校区男生公寓
118.848904,31.938718,1,江宁技师学院教师公寓
118.827268,31.883847,1,东南大学九龙湖校区梅园9A
118.813819,31.881426,1,东南大学九龙湖校区橘园生活区
118.826167,31.882714,1,东南大学九龙湖校区梅园生活区
118.849280,31.939429,1,东山街道骆村社区
118.539994,31.764320,1,同辉公寓
118.901988,31.905202,1,金陵科技学院教职工宿舍
118.889502,31.927770,1,南京旅游职业学院-学生宿舍B
118.879850,31.687209,1,金肯学院东校区学生公寓
118.827786,31.882567,1,东南大学九龙湖校区梅园5舍-8舍
118.827650,31.891708,1,东南大学九龙湖校区桃园5舍6舍
118.827585,31.889495,1,东南大学九龙湖校区桃园1舍-2舍
118.813189,31.883634,1,东南大学九龙湖校区橘园5舍-14舍
118.848301,31.942124,1,南京工程学院02幢男生宿舍
118.848835,31.938879,1,南京江宁技工学校教工宿舍搂
118.887370,31.930431,1,江苏经贸职业技术学院江宁校区丹桂苑
118.836312,31.949723,1,黄金海岸广场
118.880063,31.939586,1,城市之光大厦
118.859471,31.935705,1,莱茵铂郡大厦
118.880224,31.939802,1,城市之光大厦A座
118.852537,31.954897,1,瓯江华府A座
118.852377,31.954849,1,瓯江华府B座
118.845268,31.941905,1,江山大厦A座
118.824555,31.928987,1,诚基名苑
118.822088,31.945669,1,悦恒君铂
118.834614,31.949598,1,明月Love生活广场
118.927341,32.048793,1,宇业・东方红郡天赋广场
118.809608,31.945474,1,汇金新天地广场
118.927065,32.048551,1,天赋广场
118.822448,31.969019,1,青春渡B座
118.819619,31.928835,1,怡湖华庭澜郡
118.842358,31.952740,1,万达广场D座
118.816468,31.953599,1,同曦・青春水岸
118.850146,31.924469,1,南京旭辉九著坊
118.864942,31.937147,1,莱茵东郡・苹果都市
118.833874,31.908909,1,优尚天地A座
118.864806,31.936910,1,莱茵东郡・苹果都市B座
118.829398,31.867508,1,悠谷A区
118.832195,31.895585,1,融信・铂岸中心(建设中)
118.821384,31.952371,1,双子星广场
118.819525,31.950574,1,金轮新都汇
118.852669,31.954312,1,瓯江华府C座
118.821803,31.94913,1,金王府商业广场1号商务楼
118.853047,31.953960,1,蚂蚁工坊B座
118.854429,31.952446,1,日光广场2幢
118.853454,31.953905,1,蚂蚁工坊A座
118.850554,31.95377,1,嘉顺时代广场
118.824667,31.944721,1,胜泰华府
